customer,driver ,route
St Chad's College Durham,Connor,M
Mr B's Bakery,Connor,M
The Green Tree Spennymoor,Connor,M
D&A diner,Connor,M
Haswell Homer Hill Farm Shop Ltd,Connor,M
All Saints Community Centre,Connor,M
University Hospital of North Durham (R),Connor,M
China China Durham,Connor,M
Thomas Wrighthouse,Connor,M
The Courtyard Cafe Bar at The Arts Centre,Connor,M
Cottage Cafe Spennymoor,Connor,M
University Hospital of North Durham (PA),Connor,M
Tung Fong (Blue Hut),Connor,M
m and j cateringltd,Connor,M
The Park Hotel Redcar,Ken,H
The Priory Bistro,Ken,H
Al forno,Ken,H
The Yorkshire Lass New Marske,Kelvin,J
Crazy Corner Adventure Play Centre Ltd,Andy,V
The Queens Arms Brotton,Ken,H
Reunion Bar & Restaurant Loftus,Kelvin,J
Wheatsheaf Inn Hutton Rudby,Kelvin,J
Munchies Eston,Kelvin,J
Badger's Bar - Guisborough,Kelvin,J
MJ'S Cake Cafe Ltd,Andy,V
Gemini's Pizzas Redcar,Kelvin,J
World of Play,Kelvin,J
The Downe Arms Inn,Kelvin,J
Cod & Lobster Staithes,Kelvin,J
The Apple Tree - Marton,Kelvin,J
The Peppermill Cafe,Kelvin,J
Beach Road Fisheries,Kelvin,J
Panda Chinese Restaurant,Kelvin,J
Darlington Memorial Hospital CPU,Mark,W
China China Darlington,Mark,W
STAFF Tracys,,
The Duke of York Inn Crook,Connor,M
Holiday Inn Darlington North,Mark,W
Walworth Castle Hotel (Millwood Hotels),Mark,W
The Burtree Inn,Mark,W
Planet Leisure,Andy,V
Beverage Way Bistro,Andy,V
Taste of China,Connor,M
Shildon Chop Suey House,Connor,M
The Bay Horse Heighington,Connor,M
Pizza Cottage & Cuccina,Andy,V
KASPAS Bishop Auckland,Connor,M
The 68 Cafe,Connor,M
Rof59 Activity Centre,Andy,V
The Quarry Burn,Connor,M
Sam Turners Cafe Piercebridge,Mark,W
Papa Kel's,Connor,M
China Chef - Shildon,Connor,M
The Dairy Barn (Zaksons Limited),Connor,M
White Hart - WH,Ken,H
Shalimar Tandoori Ltd (Billingham),Ken,H
Castle Eden Inn,Ken,H
Blue Bells (Pub) Newton Bewley,Ken,H
Chimes Cafe Peterlee,Ken,H
Half Moon Inn Easington,Ken,H
King Johns Tavern Valiant pub company Ltd,Ken,H
Amore Pizza Hartlepool,Ken,H
The Marine Hotel Seaton Carew,Ken,H
Three Horseshoes Cowpen Bewley,Ken,H
The Pizza Guys Hartlepool,Ken,H
Blue Valentine's,Ken,H
The Lion,Ken,H
The Jacksons Wharf,Ken,H
DSRM Sports & Social Club,Ken,H
Paddock Farm Nursery & Water Gardens,Mark,W
Thorpe Farm Centre,Mark,W
Tre Amici Darlington,Mark,W
Neasham Road Cafe,Mark,W
The Beeswing Inn,Mark,W
Town Hall Hotel Richmond,Mark,W
Terry's Catering,Mark,W
Blacksmiths Arms Swainby,Mark,W
The Copper Beech Pub Darlington,Mark,W
Sam Turners Cafe Northallerton,Mark,W
The Brownlow Arms Richmond,Mark,W
Little Drummer Boy Tearoom Ltd,Mark,W
The Savoury Cafe Darlington,Mark,W
La Cocina Richmond Limited,Mark,W
Market fish n chips,Mark,W
Hustle,Mark,W
Black Horse Inn,Mark,W
Duke of Wellington,Mark,W
The Warehouse Kitchen & Bar,Andy,V
Belle Vue Fisheries,Andy,V
Fatso's,Andy,V
The Elm Tree,Andy,V
Hammer & Pincers,Andy,V
Dun Cow Inn,Andy,V
O'Connells Middlesbrough,Andy,V
The Smith's Arms Carlton,Andy,V
The Scruffy Duck Valiant Pub Company Ltd,Andy,V
The Senators Stockton,Andy,V
Chipchase Chippy Middlesbrough,Andy,V
The Mitre Stockton,Andy,V
Hamilton Russell,Andy,V
Teesside Golf Club (AC at Teesside Ltd),Andy,V
The Fish and Chip Co,Andy,V
Merlin Billingham,Ken,H
Purple Pepper Takeaway Stockton,Andy,V
Byrd & Burgz,Andy,V
Amore Pizza Norton,Andy,V
The Tipsy Cow,Andy,V
Cherry Hill Garden Centre,Andy,V
The Wellington,Andy,V
Dragon Chinese,Connor,M
The Pub & Kitchen Cassop,Ken,H
The Poachers Metal Bridge,Ken,H
Golden House,Connor,M
Lockey Fish & Chip Van,Andy,V
Bison's Bar & Grill Norton,Andy,V
CHAMPS SPORTS BAR,Connor,M
